{
    "run_id": "20250216_210158",
    "config": {
        "portfolio_holdings": [
            "AGG",
            "TLT",
            "IWN",
            "IWO",
            "IWF",
            "IWD",
            "IWP",
            "IWS"
        ],
        "window_size": 252,
        "num_episodes": 1,
        "dataset": {
            "num_features": 46,
            "num_assets": 8,
            "data_shape": [
                2261,
                59
            ]
        }
    },
    "training": {
        "folds": [
            {
                "fold_number": 1,
                "metrics": {
                    "portfolio_return": 0.2792240748620869,
                    "benchmark_return": 0.28557304743152656,
                    "excess_return": -0.00634897256943967,
                    "portfolio_sharpe": 1.872817761214127,
                    "benchmark_sharpe": 1.8969563127838829,
                    "portfolio_vol": 0.09693222650764348,
                    "benchmark_vol": 0.09760817077476565
                },
                "avg_loss": -0.8457309558145055,
                "returns_summary": {
                    "Portfolio": {
                        "count": 351.0,
                        "mean": 0.0007205004980072549,
                        "std": 0.006114873176830232,
                        "min": -0.03322424437735072,
                        "25%": -0.0022752064123772488,
                        "50%": 0.001200587027803017,
                        "75%": 0.0037436723528757932,
                        "max": 0.020607079398970832
                    },
                    "Benchmark": {
                        "count": 351.0,
                        "mean": 0.0007348751943586844,
                        "std": 0.006157514449160147,
                        "min": -0.0374372579707814,
                        "25%": -0.0018485368221603498,
                        "50%": 0.0004642241520129,
                        "75%": 0.0039406009335752005,
                        "max": 0.0237756246459275
                    }
                }
            },
            {
                "fold_number": 2,
                "metrics": {
                    "portfolio_return": 0.12788805724847463,
                    "benchmark_return": 0.14495278333456785,
                    "excess_return": -0.017064726086093218,
                    "portfolio_sharpe": 0.778955554258261,
                    "benchmark_sharpe": 0.8032680387685442,
                    "portfolio_vol": 0.12024881973242135,
                    "benchmark_vol": 0.131882311459187
                },
                "avg_loss": -0.9685386212726136,
                "returns_summary": {
                    "Portfolio": {
                        "count": 351.0,
                        "mean": 0.0003717494109509667,
                        "std": 0.007585777288106504,
                        "min": -0.03333235700676123,
                        "25%": -0.002633449339338044,
                        "50%": 0.000729038487570704,
                        "75%": 0.004226451878752842,
                        "max": 0.02337132535893184
                    },
                    "Benchmark": {
                        "count": 351.0,
                        "mean": 0.0004204349093606495,
                        "std": 0.008319664552186488,
                        "min": -0.0422451276270191,
                        "25%": -0.0024058947368227,
                        "50%": 0.0007163410694173,
                        "75%": 0.0043162171847824,
                        "max": 0.0272213140098052
                    }
                }
            },
            {
                "fold_number": 3,
                "metrics": {
                    "portfolio_return": 0.0524652879722356,
                    "benchmark_return": 0.003125577153069825,
                    "excess_return": 0.04933971081916577,
                    "portfolio_sharpe": 0.27282031538497725,
                    "benchmark_sharpe": 0.15458847944331144,
                    "portfolio_vol": 0.26588302533264374,
                    "benchmark_vol": 0.28999593038452587
                },
                "avg_loss": -0.9248023807345379,
                "returns_summary": {
                    "Portfolio": {
                        "count": 351.0,
                        "mean": 0.00028786754648812084,
                        "std": 0.01677296641538356,
                        "min": -0.11412788610747819,
                        "25%": -0.0038863207125441656,
                        "50%": 0.0010790476415251929,
                        "75%": 0.006565601882491181,
                        "max": 0.08548354223742888
                    },
                    "Benchmark": {
                        "count": 351.0,
                        "mean": 0.00017790668229732235,
                        "std": 0.0182941050668885,
                        "min": -0.1230073635591475,
                        "25%": -0.0036486500900435497,
                        "50%": 0.0009256050014453,
                        "75%": 0.006718589213642051,
                        "max": 0.0902999456545419
                    }
                }
            },
            {
                "fold_number": 4,
                "metrics": {
                    "portfolio_return": 0.5409836010597384,
                    "benchmark_return": 0.5860271046183851,
                    "excess_return": -0.045043503558646725,
                    "portfolio_sharpe": 1.9604144087086015,
                    "benchmark_sharpe": 2.136993139498067,
                    "portfolio_vol": 0.16545969081501397,
                    "benchmark_vol": 0.16115448514542224
                },
                "avg_loss": -1.1494117690817285,
                "returns_summary": {
                    "Portfolio": {
                        "count": 351.0,
                        "mean": 0.0012873042958260951,
                        "std": 0.01043786015924818,
                        "min": -0.05324201859809455,
                        "25%": -0.003921290056787579,
                        "50%": 0.0015231834327059934,
                        "75%": 0.007799563426598968,
                        "max": 0.02940018486645234
                    },
                    "Benchmark": {
                        "count": 351.0,
                        "mean": 0.0013667458447202926,
                        "std": 0.010166270538146801,
                        "min": -0.0595962971200112,
                        "25%": -0.00389098687675725,
                        "50%": 0.0018322631459192,
                        "75%": 0.007856351771493651,
                        "max": 0.0304547378598806
                    }
                }
            },
            {
                "fold_number": 5,
                "metrics": {
                    "portfolio_return": -0.19207718262315743,
                    "benchmark_return": -0.08299052811590457,
                    "excess_return": -0.10908665450725286,
                    "portfolio_sharpe": -0.4958921427934531,
                    "benchmark_sharpe": -0.1720849837480687,
                    "portfolio_vol": 0.24706760909888725,
                    "benchmark_vol": 0.22024213797582404
                },
                "avg_loss": -1.206965796668003,
                "returns_summary": {
                    "Portfolio": {
                        "count": 351.0,
                        "mean": -0.00048621729418501624,
                        "std": 0.015586014581262417,
                        "min": -0.045784469117979135,
                        "25%": -0.010900340284149514,
                        "50%": -0.0005897759383898193,
                        "75%": 0.009927659681251397,
                        "max": 0.06160884839647705
                    },
                    "Benchmark": {
                        "count": 351.0,
                        "mean": -0.00015040911308983242,