{
    "run_id": "20250216_210029",
    "config": {
        "portfolio_holdings": [
            "AGG",
            "TLT",
            "IWN",
            "IWO",
            "IWF",
            "IWD",
            "IWP",
            "IWS"
        ],
        "window_size": 252,
        "num_episodes": 1,
        "dataset": {
            "num_features": 46,
            "num_assets": 8,
            "data_shape": [
                2261,
                59
            ]
        }
    },
    "training": {
        "folds": [
            {
                "fold_number": 1,
                "metrics": {
                    "portfolio_return": 0.2781064169148417,
                    "benchmark_return": 0.28557304743152656,
                    "excess_return": -0.007466630516684836,
                    "portfolio_sharpe": 1.8736838867041243,
                    "benchmark_sharpe": 1.8969563127838829,
                    "portfolio_vol": 0.09653162510447859,
                    "benchmark_vol": 0.09760817077476565
                },
                "avg_loss": -0.8355116751396057,
                "returns_summary": {
                    "Portfolio": {
                        "count": 351.0,
                        "mean": 0.0007178551362112042,
                        "std": 0.006089601635434034,
                        "min": -0.03322424437735072,
                        "25%": -0.0022752064123772488,
                        "50%": 0.001200587027803017,
                        "75%": 0.0037436723528757932,
                        "max": 0.020339265352115943
                    },
                    "Benchmark": {
                        "count": 351.0,
                        "mean": 0.0007348751943586844,
                        "std": 0.006157514449160147,
                        "min": -0.0374372579707814,
                        "25%": -0.0018485368221603498,
                        "50%": 0.0004642241520129,
                        "75%": 0.0039406009335752005,
                        "max": 0.0237756246459275
                    }
                }
            },
            {
                "fold_number": 2,
                "metrics": {
                    "portfolio_return": 0.1280145384648972,
                    "benchmark_return": 0.14495278333456785,
                    "excess_return": -0.01693824486967066,
                    "portfolio_sharpe": 0.7347342711122961,
                    "benchmark_sharpe": 0.8032680387685442,
                    "portfolio_vol": 0.1291079924678518,
                    "benchmark_vol": 0.131882311459187
                },
                "avg_loss": -0.9963488486601413,
                "returns_summary": {
                    "Portfolio": {
                        "count": 351.0,
                        "mean": 0.00037647512018097366,
                        "std": 0.008144649395769456,
                        "min": -0.034253742337740416,
                        "25%": -0.0030717013169319733,
                        "50%": 0.0007740174357786665,
                        "75%": 0.004650594644146342,
                        "max": 0.024888304875797875
                    },
                    "Benchmark": {
                        "count": 351.0,
                        "mean": 0.0004204349093606495,
                        "std": 0.008319664552186488,
                        "min": -0.0422451276270191,
                        "25%": -0.0024058947368227,
                        "50%": 0.0007163410694173,
                        "75%": 0.0043162171847824,
                        "max": 0.0272213140098052
                    }
                }
            },
            {
                "fold_number": 3,
                "metrics": {
                    "portfolio_return": 0.0524652879722356,
                    "benchmark_return": 0.003125577153069825,
                    "excess_return": 0.04933971081916577,
                    "portfolio_sharpe": 0.27282031538497725,
                    "benchmark_sharpe": 0.15458847944331144,
                    "portfolio_vol": 0.26588302533264374,
                    "benchmark_vol": 0.28999593038452587
                },
                "avg_loss": -0.9153971184007983,
                "returns_summary": {
                    "Portfolio": {
                        "count": 351.0,
                        "mean": 0.00028786754648812084,
                        "std": 0.01677296641538356,
                        "min": -0.11412788610747819,
                        "25%": -0.0038863207125441656,
                        "50%": 0.0010790476415251929,
                        "75%": 0.006565601882491181,
                        "max": 0.08548354223742888
                    },
                    "Benchmark": {
                        "count": 351.0,
                        "mean": 0.00017790668229732235,
                        "std": 0.0182941050668885,
                        "min": -0.1230073635591475,
                        "25%": -0.0036486500900435497,
                        "50%": 0.0009256050014453,
                        "75%": 0.006718589213642051,
                        "max": 0.0902999456545419
                    }
                }
            },
            {
                "fold_number": 4,
                "metrics": {
                    "portfolio_return": 0.5888910070190856,
                    "benchmark_return": 0.5860271046183851,
                    "excess_return": 0.0028639024007004465,
                    "portfolio_sharpe": 2.2599919090782232,
                    "benchmark_sharpe": 2.136993139498067,
                    "portfolio_vol": 0.15233567046418417,
                    "benchmark_vol": 0.16115448514542224
                },
                "avg_loss": -1.1457917119076961,
                "returns_summary": {
                    "Portfolio": {
                        "count": 351.0,
                        "mean": 0.0013663224562396874,
                        "std": 0.00960994437822426,
                        "min": -0.05324201859809455,
                        "25%": -0.0032644420787850794,
                        "50%": 0.0016063389772266084,
                        "75%": 0.0067560158584847214,
                        "max": 0.02940018486645234
                    },
                    "Benchmark": {
                        "count": 351.0,
                        "mean": 0.0013667458447202926,
                        "std": 0.010166270538146801,
                        "min": -0.0595962971200112,
                        "25%": -0.00389098687675725,
                        "50%": 0.0018322631459192,
                        "75%": 0.007856351771493651,
                        "max": 0.0304547378598806
                    }
                }
            },
            {
                "fold_number": 5,
                "metrics": {
                    "portfolio_return": -0.19207718262315743,
                    "benchmark_return": -0.08299052811590457,
                    "excess_return": -0.10908665450725286,
                    "portfolio_sharpe": -0.4958921427934531,
                    "benchmark_sharpe": -0.1720849837480687,
                    "portfolio_vol": 0.24706760909888725,
                    "benchmark_vol": 0.22024213797582404
                },
                "avg_loss": -1.2137407796744888,
                "returns_summary": {
                    "Portfolio": {
                        "count": 351.0,
                        "mean": -0.00048621729418501624,
                        "std": 0.015586014581262417,
                        "min": -0.045784469117979135,
                        "25%": -0.010900340284149514,
                        "50%": -0.0005897759383898193,
                        "75%": 0.009927659681251397,
                        "max": 0.06160884839647705
                    },
                    "Benchmark": {
                        "count": 351.0,
                        "mean": -0.00015040911308983242,