{
    "run_id": "20250216_211221",
    "config": {
        "portfolio_holdings": [
            "AGG",
            "TLT",
            "IWN",
            "IWO",
            "IWF",
            "IWD",
            "IWP",
            "IWS"
        ],
        "window_size": 252,
        "num_episodes": 1,
        "dataset": {
            "num_features": 46,
            "num_assets": 8,
            "data_shape": [
                2261,
                59
            ]
        }
    },
    "training": {
        "folds": [
            {
                "fold_number": 1,
                "metrics": {
                    "portfolio_return": 0.27990647787848943,
                    "benchmark_return": 0.28557304743152656,
                    "excess_return": -0.005666569553037126,
                    "portfolio_sharpe": 1.8782288597414172,
                    "benchmark_sharpe": 1.8969563127838829,
                    "portfolio_vol": 0.09685286275981932,
                    "benchmark_vol": 0.09760817077476565
                },
                "avg_loss": -0.7550804743961317,
                "returns_summary": {
                    "Portfolio": {
                        "count": 351.0,
                        "mean": 0.0007219907061225246,
                        "std": 0.006109866593671385,
                        "min": -0.03322424437735072,
                        "25%": -0.0022752064123772488,
                        "50%": 0.001200587027803017,
                        "75%": 0.0037436723528757932,
                        "max": 0.020518907783319683
                    },
                    "Benchmark": {
                        "count": 351.0,
                        "mean": 0.0007348751943586844,
                        "std": 0.006157514449160147,
                        "min": -0.0374372579707814,
                        "25%": -0.0018485368221603498,
                        "50%": 0.0004642241520129,
                        "75%": 0.0039406009335752005,
                        "max": 0.0237756246459275
                    }
                }
            },
            {
                "fold_number": 2,
                "metrics": {
                    "portfolio_return": 0.12535712937396282,
                    "benchmark_return": 0.14495278333456785,
                    "excess_return": -0.01959565396060503,
                    "portfolio_sharpe": 0.7564769111275177,
                    "benchmark_sharpe": 0.8032680387685442,
                    "portfolio_vol": 0.1219643497419842,
                    "benchmark_vol": 0.131882311459187
                },
                "avg_loss": -0.9241038892293696,
                "returns_summary": {
                    "Portfolio": {
                        "count": 351.0,
                        "mean": 0.00036617152086971784,
                        "std": 0.007693999793845563,
                        "min": -0.0333906903935944,
                        "25%": -0.0028271082659371617,
                        "50%": 0.0006994733583361165,
                        "75%": 0.004223759586852038,
                        "max": 0.02337132535893184
                    },
                    "Benchmark": {
                        "count": 351.0,
                        "mean": 0.0004204349093606495,
                        "std": 0.008319664552186488,
                        "min": -0.0422451276270191,
                        "25%": -0.0024058947368227,
                        "50%": 0.0007163410694173,
                        "75%": 0.0043162171847824,
                        "max": 0.0272213140098052
                    }
                }
            },
            {
                "fold_number": 3,
                "metrics": {
                    "portfolio_return": 0.05245757748223623,
                    "benchmark_return": 0.003125577153069825,
                    "excess_return": 0.0493320003291664,
                    "portfolio_sharpe": 0.27280053167475227,
                    "benchmark_sharpe": 0.15458847944331144,
                    "portfolio_vol": 0.2658829241042526,
                    "benchmark_vol": 0.28999593038452587
                },
                "avg_loss": -0.698688843575012,
                "returns_summary": {
                    "Portfolio": {
                        "count": 351.0,
                        "mean": 0.0002878465620359681,
                        "std": 0.01677296002949111,
                        "min": -0.11412788610747819,
                        "25%": -0.0038863207125441656,
                        "50%": 0.0010790476415251929,
                        "75%": 0.006565601882491181,
                        "max": 0.08548354223742888
                    },
                    "Benchmark": {
                        "count": 351.0,
                        "mean": 0.00017790668229732235,
                        "std": 0.0182941050668885,
                        "min": -0.1230073635591475,
                        "25%": -0.0036486500900435497,
                        "50%": 0.0009256050014453,
                        "75%": 0.006718589213642051,
                        "max": 0.0902999456545419
                    }
                }
            },
            {
                "fold_number": 4,
                "metrics": {
                    "portfolio_return": 0.6320576128170534,
                    "benchmark_return": 0.5860271046183851,
                    "excess_return": 0.046030508198668274,
                    "portfolio_sharpe": 2.2707539248042354,
                    "benchmark_sharpe": 2.136993139498067,
                    "portfolio_vol": 0.16067562910483257,
                    "benchmark_vol": 0.16115448514542224
                },
                "avg_loss": -0.8081030402305689,
                "returns_summary": {
                    "Portfolio": {
                        "count": 351.0,
                        "mean": 0.001447979613139802,
                        "std": 0.010136062380719056,
                        "min": -0.05324201859809455,
                        "25%": -0.0038327720631092803,
                        "50%": 0.001653702768692342,
                        "75%": 0.00731854004381109,
                        "max": 0.02940018486645234
                    },
                    "Benchmark": {
                        "count": 351.0,
                        "mean": 0.0013667458447202926,
                        "std": 0.010166270538146801,
                        "min": -0.0595962971200112,
                        "25%": -0.00389098687675725,
                        "50%": 0.0018322631459192,
                        "75%": 0.007856351771493651,
                        "max": 0.0304547378598806
                    }
                }
            },
            {
                "fold_number": 5,
                "metrics": {
                    "portfolio_return": -0.0661621706984814,
                    "benchmark_return": -0.08299052811590457,
                    "excess_return": 0.016828357417423168,
                    "portfolio_sharpe": -0.15147101991225137,
                    "benchmark_sharpe": -0.1720849837480687,
                    "portfolio_vol": 0.1966645630114406,
                    "benchmark_vol": 0.22024213797582404
                },
                "avg_loss": -1.026763849350687,
                "returns_summary": {
                    "Portfolio": {
                        "count": 351.0,
                        "mean": -0.00011821978757078277,
                        "std": 0.012406388509985058,
                        "min": -0.04079143736231849,
                        "25%": -0.007639253900216366,
                        "50%": -2.0924875255339632e-05,
                        "75%": 0.007729983135800856,
                        "max": 0.05118807822893494
                    },
                    "Benchmark": {
                        "count": 351.0,
                        "mean": -0.00015040911308983242,