{
    "run_id": "20250216_201908",
    "config": {
        "portfolio_holdings": [
            "AGG",
            "TLT",
            "IWN",
            "IWO",
            "IWF",
            "IWD",
            "IWP",
            "IWS"
        ],
        "window_size": 252,
        "num_episodes": 1,
        "dataset": {
            "num_features": 46,
            "num_assets": 8,
            "data_shape": [
                2261,
                59
            ]
        }
    },
    "training": {
        "folds": [
            {
                "fold_number": 1,
                "metrics": {
                    "portfolio_return": 0.2788719808863265,
                    "benchmark_return": 0.28557304743152656,
                    "excess_return": -0.006701066545200085,
                    "portfolio_sharpe": 1.8722327956859266,
                    "benchmark_sharpe": 1.8969563127838829,
                    "portfolio_vol": 0.09685278710219748,
                    "benchmark_vol": 0.09760817077476565
                },
                "avg_loss": -0.8469740585649219,
                "returns_summary": {
                    "Portfolio": {
                        "count": 351.0,
                        "mean": 0.000719685258494301,
                        "std": 0.0061098618208855005,
                        "min": -0.03322424437735072,
                        "25%": -0.0022752064123772488,
                        "50%": 0.001200587027803017,
                        "75%": 0.0037436723528757932,
                        "max": 0.020542607832174403
                    },
                    "Benchmark": {
                        "count": 351.0,
                        "mean": 0.0007348751943586844,
                        "std": 0.006157514449160147,
                        "min": -0.0374372579707814,
                        "25%": -0.0018485368221603498,
                        "50%": 0.0004642241520129,
                        "75%": 0.0039406009335752005,
                        "max": 0.0237756246459275
                    }
                }
            },
            {
                "fold_number": 2,
                "metrics": {
                    "portfolio_return": 0.12805922268632997,
                    "benchmark_return": 0.14495278333456785,
                    "excess_return": -0.016893560648237882,
                    "portfolio_sharpe": 0.7313795349730885,
                    "benchmark_sharpe": 0.8032680387685442,
                    "portfolio_vol": 0.12987645306133824,
                    "benchmark_vol": 0.131882311459187
                },
                "avg_loss": -0.9896931300314996,
                "returns_summary": {
                    "Portfolio": {
                        "count": 351.0,
                        "mean": 0.00037698646878625775,
                        "std": 0.008193126968604234,
                        "min": -0.03469859973673207,
                        "25%": -0.0029364067571001754,
                        "50%": 0.0008208434094898039,
                        "75%": 0.005029602871078543,
                        "max": 0.02539624138574831
                    },
                    "Benchmark": {
                        "count": 351.0,
                        "mean": 0.0004204349093606495,
                        "std": 0.008319664552186488,
                        "min": -0.0422451276270191,
                        "25%": -0.0024058947368227,
                        "50%": 0.0007163410694173,
                        "75%": 0.0043162171847824,
                        "max": 0.0272213140098052
                    }
                }
            },
            {
                "fold_number": 3,
                "metrics": {
                    "portfolio_return": 0.0524652879722356,
                    "benchmark_return": 0.003125577153069825,
                    "excess_return": 0.04933971081916577,
                    "portfolio_sharpe": 0.27282031538497725,
                    "benchmark_sharpe": 0.15458847944331144,
                    "portfolio_vol": 0.26588302533264374,
                    "benchmark_vol": 0.28999593038452587
                },
                "avg_loss": -0.9196461905741198,
                "returns_summary": {
                    "Portfolio": {
                        "count": 351.0,
                        "mean": 0.00028786754648812084,
                        "std": 0.01677296641538356,
                        "min": -0.11412788610747819,
                        "25%": -0.0038863207125441656,
                        "50%": 0.0010790476415251929,
                        "75%": 0.006565601882491181,
                        "max": 0.08548354223742888
                    },
                    "Benchmark": {
                        "count": 351.0,
                        "mean": 0.00017790668229732235,
                        "std": 0.0182941050668885,
                        "min": -0.1230073635591475,
                        "25%": -0.0036486500900435497,
                        "50%": 0.0009256050014453,
                        "75%": 0.006718589213642051,
                        "max": 0.0902999456545419
                    }
                }
            },
            {
                "fold_number": 4,
                "metrics": {
                    "portfolio_return": 0.50290000248316,
                    "benchmark_return": 0.5860271046183851,
                    "excess_return": -0.08312710213522512,
                    "portfolio_sharpe": 1.9110203466323088,
                    "benchmark_sharpe": 2.136993139498067,
                    "portfolio_vol": 0.15984425084001735,
                    "benchmark_vol": 0.16115448514542224
                },
                "avg_loss": -1.1434672186349863,
                "returns_summary": {
                    "Portfolio": {
                        "count": 351.0,
                        "mean": 0.0012122855244245917,
                        "std": 0.010083615709116839,
                        "min": -0.05324201859809455,
                        "25%": -0.0037517946917483506,
                        "50%": 0.0015231834327059934,
                        "75%": 0.006775113797195629,
                        "max": 0.02940018486645234
                    },
                    "Benchmark": {
                        "count": 351.0,
                        "mean": 0.0013667458447202926,
                        "std": 0.010166270538146801,
                        "min": -0.0595962971200112,
                        "25%": -0.00389098687675725,
                        "50%": 0.0018322631459192,
                        "75%": 0.007856351771493651,
                        "max": 0.0304547378598806
                    }
                }
            },
            {
                "fold_number": 5,
                "metrics": {
                    "portfolio_return": -0.08053772960806493,
                    "benchmark_return": -0.08299052811590457,
                    "excess_return": 0.0024527985078396375,
                    "portfolio_sharpe": -0.1953103203975458,
                    "benchmark_sharpe": -0.1720849837480687,
                    "portfolio_vol": 0.2030545410793099,
                    "benchmark_vol": 0.22024213797582404
                },
                "avg_loss": -1.30220869676724,
                "returns_summary": {
                    "Portfolio": {
                        "count": 351.0,
                        "mean": -0.00015738788861743722,
                        "std": 0.012809493925960065,
                        "min": -0.04079143736231849,
                        "25%": -0.007956334175680181,
                        "50%": -0.00012570761694115156,
                        "75%": 0.00787546435166092,
                        "max": 0.060181280443236215
                    },
                    "Benchmark": {
                        "count": 351.0,
                        "mean": -0.00015040911308983242,