{
    "run_id": "20250216_202320",
    "config": {
        "portfolio_holdings": [
            "AGG",
            "TLT",
            "IWN",
            "IWO",
            "IWF",
            "IWD",
            "IWP",
            "IWS"
        ],
        "window_size": 252,
        "num_episodes": 1,
        "dataset": {
            "num_features": 46,
            "num_assets": 8,
            "data_shape": [
                2261,
                59
            ]
        }
    },
    "training": {
        "folds": [
            {
                "fold_number": 1,
                "metrics": {
                    "portfolio_return": 0.27883671736709514,
                    "benchmark_return": 0.28557304743152656,
                    "excess_return": -0.006736330064431417,
                    "portfolio_sharpe": 1.8788784590353516,
                    "benchmark_sharpe": 1.8969563127838829,
                    "portfolio_vol": 0.09648031773153863,
                    "benchmark_vol": 0.09760817077476565
                },
                "avg_loss": -0.747941159068277,
                "returns_summary": {
                    "Portfolio": {
                        "count": 351.0,
                        "mean": 0.0007194627657839379,
                        "std": 0.0060863649608019965,
                        "min": -0.03297867672772645,
                        "25%": -0.0022752064123772488,
                        "50%": 0.001200587027803017,
                        "75%": 0.0037436723528757932,
                        "max": 0.02049753510695673
                    },
                    "Benchmark": {
                        "count": 351.0,
                        "mean": 0.0007348751943586844,
                        "std": 0.006157514449160147,
                        "min": -0.0374372579707814,
                        "25%": -0.0018485368221603498,
                        "50%": 0.0004642241520129,
                        "75%": 0.0039406009335752005,
                        "max": 0.0237756246459275
                    }
                }
            },
            {
                "fold_number": 2,
                "metrics": {
                    "portfolio_return": 0.13518202924574374,
                    "benchmark_return": 0.14495278333456785,
                    "excess_return": -0.009770754088824107,
                    "portfolio_sharpe": 0.7770175635765962,
                    "benchmark_sharpe": 0.8032680387685442,
                    "portfolio_vol": 0.12770466357929564,
                    "benchmark_vol": 0.131882311459187
                },
                "avg_loss": -0.9844163576085359,
                "returns_summary": {
                    "Portfolio": {
                        "count": 351.0,
                        "mean": 0.0003938138941395971,
                        "std": 0.008056121787479902,
                        "min": -0.034253742337740416,
                        "25%": -0.002960793643352072,
                        "50%": 0.0008376999965314545,
                        "75%": 0.004493308027579322,
                        "max": 0.024888304875797875
                    },
                    "Benchmark": {
                        "count": 351.0,
                        "mean": 0.0004204349093606495,
                        "std": 0.008319664552186488,
                        "min": -0.0422451276270191,
                        "25%": -0.0024058947368227,
                        "50%": 0.0007163410694173,
                        "75%": 0.0043162171847824,
                        "max": 0.0272213140098052
                    }
                }
            },
            {
                "fold_number": 3,
                "metrics": {
                    "portfolio_return": 0.0524652879722356,
                    "benchmark_return": 0.003125577153069825,
                    "excess_return": 0.04933971081916577,
                    "portfolio_sharpe": 0.27282031538497725,
                    "benchmark_sharpe": 0.15458847944331144,
                    "portfolio_vol": 0.26588302533264374,
                    "benchmark_vol": 0.28999593038452587
                },
                "avg_loss": -0.9151482938051589,
                "returns_summary": {
                    "Portfolio": {
                        "count": 351.0,
                        "mean": 0.00028786754648812084,
                        "std": 0.01677296641538356,
                        "min": -0.11412788610747819,
                        "25%": -0.0038863207125441656,
                        "50%": 0.0010790476415251929,
                        "75%": 0.006565601882491181,
                        "max": 0.08548354223742888
                    },
                    "Benchmark": {
                        "count": 351.0,
                        "mean": 0.00017790668229732235,
                        "std": 0.0182941050668885,
                        "min": -0.1230073635591475,
                        "25%": -0.0036486500900435497,
                        "50%": 0.0009256050014453,
                        "75%": 0.006718589213642051,
                        "max": 0.0902999456545419
                    }
                }
            },
            {
                "fold_number": 4,
                "metrics": {
                    "portfolio_return": 0.5413429141174935,
                    "benchmark_return": 0.5860271046183851,
                    "excess_return": -0.044684190500891674,
                    "portfolio_sharpe": 2.200834551504308,
                    "benchmark_sharpe": 2.136993139498067,
                    "portfolio_vol": 0.14608191374535112,
                    "benchmark_vol": 0.16115448514542224
                },
                "avg_loss": -1.0811624814905916,
                "returns_summary": {
                    "Portfolio": {
                        "count": 351.0,
                        "mean": 0.0012759407154207985,
                        "std": 0.0092154323506748,
                        "min": -0.05324201859809455,
                        "25%": -0.0031842071831424106,
                        "50%": 0.001276633084892676,
                        "75%": 0.006505607122697066,
                        "max": 0.02940018486645234
                    },
                    "Benchmark": {
                        "count": 351.0,
                        "mean": 0.0013667458447202926,
                        "std": 0.010166270538146801,
                        "min": -0.0595962971200112,
                        "25%": -0.00389098687675725,
                        "50%": 0.0018322631459192,
                        "75%": 0.007856351771493651,
                        "max": 0.0304547378598806
                    }
                }
            },
            {
                "fold_number": 5,
                "metrics": {
                    "portfolio_return": -0.06274930174816373,
                    "benchmark_return": -0.08299052811590457,
                    "excess_return": 0.02024122636774084,
                    "portfolio_sharpe": -0.14285731347396624,
                    "benchmark_sharpe": -0.1720849837480687,
                    "portfolio_vol": 0.19392466661470942,
                    "benchmark_vol": 0.22024213797582404
                },
                "avg_loss": -1.3063583412670674,
                "returns_summary": {
                    "Portfolio": {
                        "count": 351.0,
                        "mean": -0.00010994374872404147,
                        "std": 0.012233544868739035,
                        "min": -0.04081049835968096,
                        "25%": -0.00759658922491881,
                        "50%": 3.778622205163765e-05,
                        "75%": 0.007648826582904249,
                        "max": 0.05018391268250007
                    },
                    "Benchmark": {
                        "count": 351.0,
                        "mean": -0.00015040911308983242,