,avg_return,volatility,sharpe_ratio,max_drawdown,constraint_violation_rate,diversification_score
0,0.1261264,2.1353772044128543,14.884309747151208,,1.0,5.3734245
1,0.11833121,2.3246896514996727,12.827200797507185,,1.0,5.363446
2,0.12607822,2.3774350219106397,13.3637715577808,,1.0,5.375687
3,0.1095305,2.480991268276949,11.125193876096924,,1.0,5.6081114
4,0.09644126,2.456729897606032,9.892435037037949,-1.0,1.0,5.1279426
